val_accuracy,test_accuracy
0.8920454545454546,0.9152542372881356
